SYMBOL,OPEN,HIGH,LOW,PREV. CLOSE,LTP,INDICATIVE CLOSE,CHANGE,% CHANGE,VOLUME (shares),VALUE (Crores),52W H,52W L,30 D %CHNG,365 D %CHNG
"PNBHOUSING","1,070.20","1,138.00","1,070.20","1,080.00","1,135.80","-","55.8","5.17","575197","64.27","1,138.00","729.60","1.47","38.73"
"ICICIGI","1,729.30","1,771.00","1,700.00","1,644.80","1,703.20","-","58.4","3.55","530929","91.48","2,064.90","1,544.60","-7.22","-13.23"
"GODREJPROP","2,055.70","2,099.00","2,055.70","2,033.60","2,096.40","-","62.8","3.09","114683","23.87","2,352.00","1,434.00","1.86","-3.07"
"JUBLFOOD","470.80","479.35","467.70","465.00","479.10","-","14.1","3.03","241482","11.51","670.45","408.55","8.24","-28.33"
"UNOMINDA","1,229.20","1,260.60","1,229.20","1,227.00","1,260.60","-","33.6","2.74","105152","13.17","1,382.00","994.00","8.96","15.53"
"MUTHOOTFIN","2,894.90","2,954.90","2,891.10","2,870.00","2,948.40","-","78.4","2.73","208369","61.05","4,149.50","2,476.60","-6.05","7.66"
"MANAPPURAM","362.20","369.70","360.00","356.60","366.05","-","9.45","2.65","1540927","56.42","381.55","245.15","8.65","35.02"
"INDIGO","5,460.00","5,508.00","5,411.50","5,358.00","5,498.00","-","140","2.61","128936","70.62","6,232.50","3,895.20","-1.26","-7.31"
"LTF","323.00","326.75","322.90","317.90","324.90","-","7","2.2","581628","18.89","338.60","194.40","-2.78","55.82"
"NHPC","81.86","82.49","81.61","80.50","82.24","-","1.74","2.16","3107290","25.53","89.22","71.62","-0.04","-3.58"
"DLF","651.15","657.80","649.00","643.40","657.10","-","13.7","2.13","237177","15.51","798.80","489.40","-4.81","-18.85"
"CONCOR","519.95","528.45","519.90","515.00","525.80","-","10.8","2.1","130747","6.86","583.25","421.45","5.49","-11.47"
"LODHA","1,249.90","1,261.30","1,240.30","1,229.80","1,254.90","-","25.1","2.04","213181","26.74","1,344.95","650.80","16.35","-1.14"
"ASHOKLEY","174.00","175.89","173.00","172.08","175.37","-","3.29","1.91","1482978","25.92","215.42","114.96","4.7","40.36"
"PRESTIGE","1,610.00","1,629.00","1,600.50","1,595.00","1,625.10","-","30.1","1.89","22356","3.62","1,805.20","1,090.00","-4.38","-2.32"
"LT","4,025.00","4,071.00","4,024.80","3,990.00","4,063.60","-","73.6","1.84","167620","68.02","4,440.00","3,288.10","-0.91","9.88"
"AMBUJACEM","441.00","444.75","438.75","436.05","444.00","-","7.95","1.82","171844","7.62","615.00","394.00","-1.66","-27.96"
"HINDPETRO","398.45","401.05","397.15","391.50","398.55","-","7.05","1.8","1041434","41.52","508.45","316.20","-1.94","-4.2"
"SBICARD","661.75","670.80","661.75","658.00","669.75","-","11.75","1.79","47324","3.16","965.00","565.45","8.98","-18.21"
"PAYTM","1,416.00","1,428.00","1,407.30","1,400.00","1,422.40","-","22.4","1.6","161093","22.89","1,437.60","930.60","14.62","29.85"
"IOC","143.89","144.07","143.31","141.60","143.85","-","2.25","1.59","841852","12.10","188.96","130.22","0.03","-0.55"
"NATIONALUM","381.00","383.90","380.60","377.00","383.00","-","6","1.59","707980","27.09","445.15","179.93","8.46","101.45"
"PHOENIXLTD","1,940.00","1,964.90","1,940.00","1,932.30","1,963.00","-","30.7","1.59","16583","3.24","2,169.80","1,402.50","-5.63","31.07"
"CHOLAFIN","1,888.00","1,905.30","1,884.20","1,875.00","1,902.30","-","27.3","1.46","40109","7.61","1,913.00","1,299.40","4.76","27.37"
"OBEROIRLTY","1,781.10","1,806.00","1,781.10","1,778.80","1,804.30","-","25.5","1.43","18828","3.39","1,986.10","1,391.20","-8.04","10.51"
"BOSCHLTD","41,405.00","41,890.00","41,310.00","41,200.00","41,780.00","-","580","1.41","2342","9.75","42,985.00","28,610.00","-1.66","0.21"
"BAJFINANCE","1,152.00","1,165.20","1,149.00","1,149.00","1,165.00","-","16","1.39","389780","45.19","1,176.40","787.90","11.4","29.79"
"FORCEMOT","18,490.00","18,732.00","18,449.00","18,378.00","18,628.00","-","250","1.36","10874","20.25","26,450.00","14,911.00","-2.27","8.02"
"HINDZINC","570.00","572.15","568.00","562.90","570.25","-","7.35","1.31","546395","31.17","733.00","413.85","4.91","33.52"
"M&M","3,470.00","3,479.90","3,435.00","3,433.00","3,477.40","-","44.4","1.29","180304","62.38","3,839.90","2,896.00","9.44","7.27"
"GVT&D","4,380.00","4,395.00","4,353.00","4,333.20","4,389.00","-","55.8","1.29","19931","8.72","5,650.00","2,523.20","-1.55","55.99"
"CROMPTON","264.45","266.60","264.45","263.10","266.50","-","3.4","1.29","30213","0.80","337.50","217.40","-2.84","-19.57"
"SHRIRAMFIN","1,097.70","1,104.60","1,092.70","1,087.30","1,100.50","-","13.2","1.21","529140","58.18","1,108.00","566.50","2.23","74"
"NBCC","95.31","96.10","95.20","94.84","95.98","-","1.14","1.2","368790","3.53","125.85","77.18","-7.35","-14.43"
"BANKBARODA","247.50","248.29","246.88","245.00","247.88","-","2.88","1.18","312470","7.74","325.50","230.81","-2.85","1.59"
"MOTILALOFS","870.00","871.80","863.60","861.00","871.20","-","10.2","1.18","27700","2.41","1,097.10","614.90","-11.09","-7.1"
"INDIANB","851.90","855.90","848.20","845.00","854.90","-","9.9","1.17","87722","7.48","1,000.90","619.05","5.76","32.41"
"MAZDOCK","2,400.20","2,420.00","2,391.60","2,389.00","2,416.60","-","27.6","1.16","59321","14.28","3,061.40","2,057.40","-6.08","-13.67"
"SHREECEM","27,010.00","27,340.00","26,880.00","26,900.00","27,210.00","-","310","1.15","1475","4.01","31,920.00","22,550.00","0.5","-12.22"
"PIIND","2,792.30","2,823.50","2,792.30","2,785.50","2,817.20","-","31.7","1.14","5486","1.54","4,190.10","2,527.00","5.27","-32.68"
"SIEMENS","4,035.00","4,065.90","4,025.10","4,000.50","4,045.80","-","45.3","1.13","33753","13.67","4,073.80","2,826.00","13.13","33.64"
"SUZLON","48.50","48.80","48.29","48.01","48.55","-","0.54","1.12","2460581","11.95","66.81","38.19","-15.58","-26.14"
"360ONE","1,174.00","1,174.00","1,163.30","1,155.00","1,167.90","-","12.9","1.12","42465","4.96","1,236.20","906.05","4.1","9.79"
"NMDC","85.00","85.49","84.69","84.20","85.13","-","0.93","1.1","1209323","10.30","97.49","68.19","-1.41","17.24"
"COCHINSHIP","1,436.10","1,451.80","1,436.10","1,430.00","1,445.40","-","15.4","1.08","56353","8.15","1,979.90","1,187.00","-6.17","-17.91"
"NAUKRI","1,265.90","1,277.90","1,265.90","1,260.00","1,273.30","-","13.3","1.06","74069","9.43","1,437.80","908.30","21.78","-8.09"
"KAYNES","3,894.70","3,925.50","3,880.00","3,875.00","3,916.00","-","41","1.06","81270","31.76","7,705.00","2,995.00","16.23","-38.46"
"HEROMOTOCO","5,578.00","5,617.00","5,555.00","5,548.00","5,606.00","-","58","1.05","32295","18.05","6,388.50","4,310.10","14.33","22.31"
"BDL","1,265.30","1,283.50","1,265.30","1,265.00","1,277.70","-","12.7","1","46867","5.99","1,654.00","1,086.00","-8.87","-20.32"
"TIINDIA","2,772.00","2,793.90","2,755.10","2,744.30","2,771.10","-","26.8","0.98","25277","7.02","3,419.90","2,164.90","-7.78","-5.49"
"UNIONBANK","175.00","176.00","174.30","174.00","175.69","-","1.69","0.97","567454","9.96","205.49","124.64","6.69","34.84"
"IRFC","89.81","90.55","89.79","89.60","90.45","-","0.85","0.95","592302","5.35","137.17","86.02","-1.07","-30.94"
"BANDHANBNK","174.80","175.80","174.70","173.60","175.23","-","1.63","0.94","301295","5.29","220.76","134.25","-13.46","3.31"
"BIOCON","426.00","427.00","425.00","422.00","425.95","-","3.95","0.94","72160","3.07","447.15","331.00","-1.12","10.36"
"TATAELXSI","3,757.60","3,778.40","3,757.60","3,737.00","3,770.90","-","33.9","0.91","7360","2.77","6,078.00","3,353.90","1.58","-38.04"
"WAAREEENER","2,686.00","2,696.80","2,676.10","2,670.00","2,694.10","-","24.1","0.9","27392","7.37","3,865.00","2,403.00","-6.62","-13.55"
"INOXWIND","79.55","80.26","79.50","79.21","79.92","-","0.71","0.9","542762","4.34","159.30","73.81","-9.99","-48.33"
"ABCAPITAL","421.00","425.90","419.50","420.00","423.75","-","3.75","0.89","313074","13.23","430.70","251.50","4.67","50.83"
"ADANIGREEN","1,400.00","1,400.00","1,385.50","1,384.00","1,396.00","-","12","0.87","58867","8.22","1,631.50","765.00","-11.07","39.83"
"CAMS","807.80","818.00","807.40","809.40","816.45","-","7.05","0.87","94007","7.65","844.90","611.40","1.38","-78.69"
"ABB","7,748.00","7,821.50","7,748.00","7,700.00","7,767.00","-","67","0.87","14563","11.34","7,924.50","4,637.50","10.78","51.2"
"TMPV","349.00","352.40","347.20","348.55","351.55","-","3","0.86","558568","19.56","739.70","294.30","1.29","0"
"GODREJCP","1,070.00","1,070.00","1,060.00","1,058.20","1,067.20","-","9","0.85","25401","2.71","1,309.00","967.05","-1.74","-15.3"
"BANKINDIA","140.99","141.85","140.75","140.44","141.63","-","1.19","0.85","579814","8.20","178.36","109.20","-2.51","25.74"
"APLAPOLLO","1,945.00","1,945.00","1,934.00","1,920.00","1,936.00","-","16","0.83","20626","4.00","2,301.40","1,549.00","7.38","21.03"
"MPHASIS","2,403.80","2,409.40","2,390.70","2,380.00","2,399.50","-","19.5","0.82","6769","1.62","3,037.20","2,013.00","3.63","-13.37"
"COLPAL","2,026.90","2,030.00","2,016.60","2,010.00","2,026.30","-","16.3","0.81","12614","2.55","2,504.00","1,782.00","-1.81","-10.83"
"TVSMOTOR","4,398.00","4,411.70","4,365.00","4,360.00","4,394.10","-","34.1","0.78","77574","34.03","4,411.70","2,882.60","20.2","48.17"
"IEX","130.29","130.49","129.81","129.20","130.20","-","1","0.77","195907","2.55","160.27","114.60","4.24","-3.57"
"RECLTD","369.45","372.30","368.50","368.00","370.80","-","2.8","0.76","172458","6.40","397.80","304.05","0.78","-6.49"
"VBL","442.35","442.90","440.40","439.00","442.35","-","3.35","0.76","114164","5.05","555.80","381.00","-14.89","-13.68"
"WIPRO","187.00","188.54","187.00","186.30","187.69","-","1.39","0.75","506931","9.52","273.10","169.00","5.8","-24.28"
"GAIL","176.00","176.85","175.53","175.00","176.31","-","1.31","0.75","521687","9.20","186.87","134.36","0.49","0.26"
"POWERINDIA","32,380.00","32,555.00","32,210.00","32,005.00","32,240.00","-","235","0.73","5807","18.80","38,785.00","16,111.00","3.11","50.97"
"TATAPOWER","381.90","383.20","381.65","380.00","382.70","-","2.7","0.71","44275","1.69","464.90","342.50","1.28","-1.83"
"RVNL","232.70","234.43","232.70","231.40","232.97","-","1.57","0.68","235352","5.50","400.70","220.16","-1.85","-34.45"
"CGPOWER","888.00","891.95","885.70","880.05","885.80","-","5.75","0.65","358914","31.89","980.90","525.50","-1.4","32.89"
"RADICO","4,472.00","4,483.50","4,452.70","4,450.00","4,478.90","-","28.9","0.65","16225","7.25","4,494.40","2,500.00","14.33","59.03"
"BHARTIARTL","2,020.00","2,031.00","1,975.30","1,970.10","1,982.60","-","12.5","0.63","2384497","478.40","2,174.50","1,740.50","3.13","2.9"
"PREMIERENE","1,041.90","1,044.70","1,041.30","1,036.30","1,042.70","-","6.4","0.62","15202","1.59","1,134.00","660.00","-1","1.67"
"BAJAJHLDNG","11,510.00","11,551.00","11,428.00","11,475.00","11,545.00","-","70","0.61","2954","3.40","14,763.00","8,588.00","3.57","-17.44"
"GMRAIRPORT","107.36","107.60","106.41","106.56","107.20","-","0.64","0.6","476376","5.10","115.64","84.11","-5.53","16.5"
"INDUSINDBK","1,025.00","1,033.20","1,021.40","1,026.00","1,032.10","-","6.1","0.59","42873","4.42","1,077.85","710.60","5.3","27.6"
"ADANIENT","3,055.00","3,074.90","3,042.70","3,050.00","3,068.00","-","18","0.59","55682","17.05","3,245.00","1,753.00","-5.05","29.04"
"DIXON","14,055.00","14,110.00","14,023.00","13,988.00","14,068.00","-","80","0.57","17585","24.74","18,471.00","9,600.00","12.3","-17.73"
"PGEL","617.55","619.00","615.40","612.00","615.40","-","3.4","0.56","78871","4.86","797.60","436.55","8.8","-22.46"
"JIOFIN","266.65","267.45","265.05","265.00","266.45","-","1.45","0.55","1189209","31.69","338.60","223.30","10.72","-20.63"
"GRASIM","3,150.00","3,155.80","3,135.80","3,138.00","3,155.00","-","17","0.54","14475","4.56","3,260.00","2,502.50","-1.35","12.56"
"HAL","4,641.00","4,673.40","4,631.00","4,635.00","4,660.00","-","25","0.54","34030","15.84","4,978.00","3,479.10","4.65","2.14"
"HDFCLIFE","538.00","539.25","536.35","535.95","538.75","-","2.8","0.52","203672","10.96","815.00","530.50","-5.59","-27.55"
"MOTHERSON","152.00","152.00","150.90","151.00","151.78","-","0.78","0.52","533033","8.08","155.87","89.70","3.21","53.61"
"CANBK","129.00","129.07","128.11","128.00","128.65","-","0.65","0.51","1194053","15.37","162.89","103.55","0.64","18.79"
"LICHSGFIN","514.60","515.10","512.05","512.00","514.60","-","2.6","0.51","64965","3.34","598.20","458.90","-7.53","-13.37"
"BHARATFORG","2,197.70","2,214.80","2,188.10","2,195.00","2,205.90","-","10.9","0.5","20607","4.54","2,238.00","1,100.50","2.73","86.43"
"GODFRYPHLP","2,336.90","2,359.00","2,322.00","2,336.90","2,348.60","-","11.7","0.5","42876","10.07","3,947.00","1,832.10","7.69","-73.99"
"BPCL","327.50","327.55","324.45","324.00","325.60","-","1.6","0.49","444953","14.50","391.65","266.60","5.14","1.93"
"POLICYBZR","1,618.00","1,619.90","1,603.00","1,597.00","1,604.60","-","7.6","0.48","51997","8.39","1,974.00","1,364.00","0.36","-10.33"
"HDFCAMC","2,562.00","2,570.60","2,550.00","2,556.00","2,568.20","-","12.2","0.48","19678","5.04","2,967.25","2,205.60","-8.72","-55.04"
"KFINTECH","954.95","955.00","947.00","948.95","953.25","-","4.3","0.45","20934","1.99","1,215.00","784.95","7.83","-15.56"
"PNB","114.16","114.72","114.01","113.99","114.49","-","0.5","0.44","517494","5.92","135.15","98.50","8.2","8.91"
"PIDILITIND","1,638.00","1,648.00","1,613.90","1,620.00","1,627.10","-","7.1","0.44","236396","38.50","1,659.00","1,259.00","1.38","-45.12"
"DIVISLAB","8,389.50","8,441.00","8,389.50","8,378.00","8,414.50","-","36.5","0.44","15944","13.42","8,585.00","5,636.50","23.99","29.1"
"PAGEIND","40,240.00","40,240.00","39,820.00","39,750.00","39,915.00","-","165","0.42","652","2.61","47,310.00","29,805.00","-7.13","-14.08"
"ETERNAL","313.90","314.65","311.40","312.40","313.70","-","1.3","0.42","1039031","32.56","368.45","212.60","10.92","2.34"
"RBLBANK","382.60","382.80","380.55","380.55","382.10","-","1.55","0.41","95584","3.65","384.50","243.25","5.39","43.41"
"SAIL","174.95","175.20","174.06","173.55","174.24","-","0.69","0.4","775486","13.55","209.70","118.10","2.16","38.31"
"COFORGE","1,745.10","1,760.00","1,745.10","1,749.90","1,756.90","-","7","0.4","92617","16.24","1,989.70","1,008.10","19.53","0.19"
"MARUTI","14,240.00","14,243.00","14,131.00","14,168.00","14,223.00","-","55","0.39","13837","19.66","17,370.00","12,201.00","-1.38","14.58"
"CDSL","1,350.00","1,350.00","1,341.10","1,340.00","1,345.10","-","5.1","0.38","65001","8.74","1,673.70","1,116.30","-0.78","-14.78"
"ADANIPOWER","211.00","211.33","210.01","209.95","210.72","-","0.77","0.37","870453","18.35","254.20","110.45","-5.34","-64.05"
"INDHOTEL","752.00","752.70","745.25","750.00","752.70","-","2.7","0.36","98139","7.36","811.95","565.00","2.94","0.16"
"BAJAJFINSV","2,105.00","2,115.90","2,089.20","2,105.00","2,112.60","-","7.6","0.36","89281","18.79","2,195.00","1,597.00","11.05","8.86"
"ALKEM","5,620.50","5,661.50","5,616.50","5,608.00","5,627.00","-","19","0.34","3215","1.81","5,933.50","4,738.50","0.82","14.39"
"TECHM","1,663.00","1,663.00","1,651.00","1,648.50","1,654.10","-","5.6","0.34","92842","15.37","1,854.00","1,304.10","16.91","11.76"
"LTM","4,589.00","4,602.20","4,565.00","4,559.00","4,572.20","-","13.2","0.29","13631","6.24","6,429.50","3,528.00","21.32","0"
"ADANIENSOL","1,663.80","1,663.80","1,643.50","1,646.00","1,650.70","-","4.7","0.29","63188","10.44","1,789.00","744.90","4.92","105.87"
"BAJAJ-AUTO","11,665.00","11,665.00","11,584.00","11,600.00","11,632.00","-","32","0.28","12701","14.77","11,856.00","7,858.50","18.54","41.68"
"RELIANCE","1,293.00","1,299.00","1,292.50","1,290.90","1,294.50","-","3.6","0.28","837288","108.39","1,611.80","1,249.80","-1","-8.54"
"JSWENERGY","570.50","572.00","569.05","568.00","569.55","-","1.55","0.27","23799","1.36","617.35","427.75","3.24","5.62"
"MANKIND","2,461.00","2,461.00","2,443.20","2,438.00","2,444.30","-","6.3","0.26","9576","2.35","2,674.00","1,909.70","-3.58","-7.26"
"TATASTEEL","192.25","192.34","190.81","190.95","191.40","-","0.45","0.24","891304","17.08","224.40","153.05","0.61","19.67"
"AMBER","7,452.00","7,452.00","7,401.00","7,395.00","7,413.00","-","18","0.24","6043","4.49","8,974.00","5,400.50","-1.2","-7.1"
"IDEA","12.91","12.95","12.83","12.90","12.93","-","0.03","0.23","20340471","26.26","15.34","6.12","-9.47","88.6"
"POLYCAB","9,200.00","9,260.00","9,179.00","9,176.00","9,197.50","-","21.5","0.23","25331","23.37","10,126.00","6,620.00","-3.9","32.61"
"NTPC","343.45","345.00","342.75","343.65","344.40","-","0.75","0.22","608061","20.91","414.40","315.55","-3.59","3.51"
"HINDALCO","1,028.50","1,029.60","1,021.00","1,020.00","1,022.00","-","2","0.2","357102","36.56","1,176.00","657.50","7.01","48.32"
"KPITTECH","630.00","630.50","626.05","625.60","626.70","-","1.1","0.18","161787","10.18","1,328.00","543.00","11.98","-48.59"
"IREDA","121.35","121.35","120.40","120.35","120.53","-","0.18","0.15","486096","5.87","163.35","108.65","-6.34","-18.7"
"INFY","1,174.70","1,177.50","1,167.00","1,167.50","1,168.90","-","1.4","0.12","707309","82.93","1,728.00","982.40","11.49","-21.14"
"PERSISTENT","5,539.00","5,539.00","5,493.00","5,499.00","5,505.00","-","6","0.11","27230","15.00","6,599.00","4,244.50","17.43","6.21"
"PFC","422.10","424.00","420.00","420.00","420.35","-","0.35","0.08","277600","11.69","486.50","329.90","-1.36","1.51"
"SBIN","1,043.00","1,045.50","1,040.30","1,042.70","1,043.40","-","0.7","0.07","340543","35.53","1,234.70","786.55","0.26","31.04"
"POWERGRID","284.00","284.45","283.05","283.40","283.60","-","0.2","0.07","423821","12.03","324.95","250.00","-1.55","-1.58"
"INDUSTOWER","392.40","392.40","388.30","390.00","390.20","-","0.2","0.05","202611","7.90","481.50","312.55","1.75","12.78"
"IDFCFIRSTB","86.00","86.14","85.62","86.00","86.02","-","0.02","0.02","862545","7.42","88.76","58.08","6.89","24.04"
"LICI","386.00","391.50","385.90","391.30","391.35","-","0.05","0.01","8005891","311.30","468.48","360.75","-9.05","-56.29"
"VEDL","270.00","271.75","268.50","269.00","269.00","-","0","0","534810","14.44","795.00","249.70","-4.07","-37.65"
"EICHERMOT","7,960.00","7,965.00","7,905.50","7,935.00","7,934.50","-","-0.5","-0.01","17911","14.21","8,230.00","5,520.00","8.11","41.17"
"UNITDSPR","1,528.00","1,530.70","1,522.00","1,525.00","1,524.30","-","-0.7","-0.05","16139","2.46","1,548.00","1,210.80","9.45","13.83"
"AXISBANK","1,260.00","1,263.00","1,252.50","1,261.80","1,261.20","-","-0.6","-0.05","276772","34.87","1,418.30","1,042.50","-5.98","18.08"
"TRENT","3,107.30","3,107.30","3,080.10","3,107.70","3,105.70","-","-2","-0.06","33199","10.28","3,782.67","2,183.67","-6.97","-40.79"
"ICICIBANK","1,454.60","1,454.60","1,444.30","1,454.60","1,453.30","-","-1.3","-0.09","769620","111.76","1,480.00","1,187.60","3.06","-0.59"
"DALBHARAT","1,839.00","1,839.00","1,811.40","1,827.00","1,825.00","-","-2","-0.11","3305","0.60","2,496.30","1,605.00","3.51","-17.95"
"BEL","392.25","392.70","390.65","391.50","391.05","-","-0.45","-0.11","479146","18.76","473.45","361.20","-6.35","0.5"
"SOLARINDS","18,800.00","18,821.00","18,669.00","18,700.00","18,676.00","-","-24","-0.13","2595","4.87","19,187.00","11,646.00","1","30.17"
"ULTRACEMCO","12,049.00","12,049.00","11,970.00","12,050.00","12,033.00","-","-17","-0.14","5043","6.06","13,110.00","10,325.00","2.79","-1.69"
"LAURUSLABS","1,854.00","1,855.00","1,843.20","1,850.00","1,847.30","-","-2.7","-0.15","248164","45.88","1,855.00","810.05","19.95","114.82"
"SUPREMEIND","3,512.90","3,517.80","3,485.10","3,501.00","3,495.40","-","-5.6","-0.16","5634","1.97","4,664.90","3,140.00","8.43","-18.41"
"SONACOMS","790.00","790.90","785.05","787.00","785.70","-","-1.3","-0.17","43293","3.41","794.45","402.30","19.22","77.65"
"JSWSTEEL","1,304.50","1,304.50","1,293.00","1,300.00","1,297.50","-","-2.5","-0.19","45118","5.86","1,328.00","1,022.30","5.67","23.12"
"YESBANK","23.00","23.01","22.92","23.00","22.95","-","-0.05","-0.22","4289141","9.85","25.78","17.20","-5.7","21.76"
"PATANJALI","360.90","360.90","357.50","359.90","359.00","-","-0.9","-0.25","53937","1.94","623.67","328.20","-13.06","-80.66"
"SWIGGY","293.00","293.45","290.10","291.00","290.25","-","-0.75","-0.26","687623","20.01","474.00","235.75","17.21","-27.1"
"JINDALSTEL","1,124.00","1,126.80","1,118.50","1,124.00","1,121.00","-","-3","-0.27","40949","4.60","1,306.20","943.30","6.64","14.67"
"SRF","2,646.30","2,649.00","2,632.20","2,642.30","2,634.90","-","-7.4","-0.28","7341","1.94","3,210.00","2,355.00","-5.45","-13.38"
"KOTAKBANK","397.00","397.75","393.85","398.00","396.85","-","-1.15","-0.29","382593","15.17","453.20","345.50","0.32","-80.07"
"ASIANPAINT","2,787.00","2,787.00","2,761.10","2,775.00","2,766.60","-","-8.4","-0.3","43552","12.07","2,985.70","2,115.00","1.36","13.27"
"NAM-INDIA","1,207.00","1,207.70","1,188.00","1,202.00","1,198.40","-","-3.6","-0.3","68618","8.21","1,233.50","780.25","-1.33","47.84"
"ADANIPORTS","1,708.20","1,708.20","1,691.10","1,706.70","1,701.20","-","-5.5","-0.32","46247","7.87","1,891.10","1,290.50","-8.94","22.88"
"UPL","581.00","581.90","577.20","581.90","580.00","-","-1.9","-0.33","182687","10.59","812.20","563.15","-4.2","-18.24"
"BLUESTARCO","1,688.10","1,703.70","1,678.90","1,685.00","1,679.30","-","-5.7","-0.34","19297","3.26","2,040.00","1,450.00","6.43","-3.13"
"CIPLA","1,460.00","1,460.00","1,451.20","1,460.00","1,454.80","-","-5.2","-0.36","20467","2.98","1,673.00","1,165.70","0.12","-3.64"
"BSE","3,664.10","3,664.10","3,590.00","3,618.00","3,604.60","-","-13.4","-0.37","617438","223.57","4,446.80","2,021.50","-5.2","45.5"
"CUMMINSIND","5,568.50","5,568.50","5,468.50","5,550.00","5,529.00","-","-21","-0.38","20198","11.14","6,100.00","3,494.20","1.31","55.6"
"OFSS","11,650.00","11,664.00","11,528.00","11,600.00","11,556.00","-","-44","-0.38","12002","13.92","11,979.00","6,234.50","3.13","35.36"
"DABUR","412.00","412.00","407.55","409.65","407.95","-","-1.7","-0.41","222897","9.12","577.00","403.35","-7.81","-22.66"
"HYUNDAI","2,213.00","2,215.90","2,195.90","2,220.00","2,210.80","-","11.8","0.54","31762","7.01","2,890.00","1,658.00","11.37","1.41"
"HDFCBANK","733.80","740.60","733.65","742.00","738.80","-","-3.2","-0.43","7509425","553.38","1,020.50","726.65","-7.37","-62.75"
"HCLTECH","1,370.00","1,375.00","1,360.10","1,369.90","1,363.60","-","-6.3","-0.46","114125","15.60","1,780.10","1,030.00","20.27","-7.09"
"BHEL","411.95","411.95","407.00","411.95","410.00","-","-1.95","-0.47","205193","8.41","446.50","205.12","7.39","70.63"
"TATACONSUM","1,086.30","1,090.40","1,082.90","1,092.00","1,086.90","-","-5.1","-0.47","55947","6.08","1,282.70","1,007.20","-2.21","1.81"
"AUROPHARMA","1,587.30","1,588.70","1,573.40","1,585.90","1,578.00","-","-7.9","-0.5","25816","4.08","1,636.80","1,016.10","-2.14","45.44"
"HINDUNILVR","2,085.30","2,090.70","2,075.50","2,096.50","2,086.00","-","-10.5","-0.5","47608","9.92","2,750.00","2,016.00","-4.76","-17.58"
"FORTIS","935.70","935.70","927.60","932.80","928.00","-","-4.8","-0.51","29579","2.75","1,104.30","766.80","-4.29","8.23"
"DMART","4,018.00","4,018.00","3,990.00","4,023.00","4,002.00","-","-21","-0.52","13280","5.31","4,949.50","3,529.00","0.72","-4.15"
"GLENMARK","2,223.00","2,223.00","2,208.40","2,225.00","2,213.20","-","-11.8","-0.53","17307","3.84","2,474.00","1,792.60","0.63","7.23"
"ONGC","245.00","245.00","240.19","242.00","240.69","-","-1.31","-0.54","3820534","92.47","307.50","227.65","1.75","3.05"
"TORNTPHARM","5,068.50","5,068.50","4,992.50","5,030.00","5,002.50","-","-27.5","-0.55","19583","9.84","5,250.00","3,480.60","5.49","39.23"
"VMM","111.50","111.89","110.50","111.30","110.65","-","-0.65","-0.58","493547","5.47","157.60","98.77","-7.69","-21.44"
"DRREDDY","1,171.80","1,171.80","1,157.70","1,172.60","1,165.20","-","-7.4","-0.63","51341","5.98","1,414.90","1,101.00","-14.66","-4.28"
"TITAN","4,910.20","4,910.20","4,882.30","4,935.00","4,902.10","-","-32.9","-0.67","31148","15.26","5,000.00","3,303.10","10.62","47.04"
"MAXHEALTH","1,080.00","1,087.00","1,069.20","1,077.00","1,069.80","-","-7.2","-0.67","93425","10.07","1,301.70","903.00","-6.62","-13.87"
"MFSL","1,522.20","1,522.20","1,502.90","1,519.30","1,508.50","-","-10.8","-0.71","21706","3.27","1,892.50","1,433.60","-4.84","2.54"
"AUBANK","1,057.60","1,057.60","1,045.10","1,059.00","1,051.20","-","-7.8","-0.74","68313","7.18","1,090.40","682.15","0.06","40.78"
"ASTRAL","1,448.00","1,451.00","1,436.50","1,448.00","1,437.20","-","-10.8","-0.75","18815","2.71","1,768.70","1,263.70","4.55","1.37"
"HAVELLS","1,295.80","1,296.90","1,282.80","1,295.00","1,285.10","-","-9.9","-0.76","36827","4.74","1,621.10","1,123.60","9.64","-14.16"
"SUNPHARMA","1,967.80","1,968.20","1,946.20","1,964.00","1,948.70","-","-15.3","-0.78","50211","9.83","2,046.90","1,548.00","3.11","19.64"
"ITC","288.25","288.50","286.75","289.00","286.75","-","-2.25","-0.78","504780","14.51","427.00","275.00","-0.33","-30.67"
"FEDERALBNK","361.95","361.95","358.40","362.45","359.45","-","-3","-0.83","155005","5.58","371.70","185.11","10.71","84.49"
"TCS","2,460.00","2,460.90","2,436.90","2,460.00","2,439.00","-","-21","-0.85","168582","41.22","3,350.00","1,976.80","17.51","-19.98"
"COALINDIA","417.60","417.60","413.10","417.60","413.95","-","-3.65","-0.87","209283","8.68","491.25","368.65","-4.81","11.45"
"ICICIPRULI","515.00","515.00","505.35","513.55","508.85","-","-4.7","-0.92","36173","1.84","706.80","459.50","5.83","-16.02"
"BRITANNIA","5,461.00","5,461.00","5,406.00","5,478.00","5,427.00","-","-51","-0.93","10257","5.56","6,336.00","5,035.00","1.84","-5.34"
"KEI","5,484.10","5,504.90","5,441.80","5,500.00","5,446.40","-","-53.6","-0.97","69528","38.03","5,708.00","3,712.20","4.35","41.63"
"ANGELONE","302.00","303.00","296.60","300.35","297.35","-","-3","-1","555681","16.61","360.45","208.63","-14.73","-88.57"
"KALYANKJIL","579.70","593.95","575.00","591.40","585.35","-","-6.05","-1.02","3475284","203.11","648.95","327.05","54.8","-0.85"
"NYKAA","348.00","348.00","336.00","342.50","338.40","-","-4.1","-1.2","6925512","237.32","348.00","200.14","10.38","60.87"
"SBILIFE","1,910.00","1,910.00","1,868.10","1,899.00","1,875.20","-","-23.8","-1.25","38885","7.31","2,132.00","1,700.40","6.17","3.69"
"LUPIN","2,410.00","2,410.00","2,375.50","2,410.00","2,378.20","-","-31.8","-1.32","184122","43.95","2,529.50","1,836.80","-2.67","28.04"
"PETRONET","285.00","285.00","281.15","285.00","281.25","-","-3.75","-1.32","107062","3.03","326.40","235.35","3.28","1.03"
"VOLTAS","1,329.00","1,329.90","1,308.70","1,327.70","1,310.00","-","-17.7","-1.33","40083","5.28","1,582.50","1,186.80","3.71","-1.05"
"NESTLEIND","1,510.00","1,510.00","1,488.60","1,520.00","1,496.00","-","-24","-1.58","305810","45.79","1,535.90","1,084.70","4.12","-33.26"
"ZYDUSLIFE","1,130.00","1,130.00","1,109.20","1,130.00","1,110.60","-","-19.4","-1.72","46570","5.20","1,181.50","835.50","-0.93","17.85"
"APOLLOHOSP","9,009.00","9,009.00","8,832.50","9,050.00","8,860.50","-","-189.5","-2.09","45280","40.33","9,050.00","6,696.50","1.76","23.84"
"DELHIVERY","475.15","476.75","470.80","482.00","471.20","-","-10.8","-2.24","169658","8.02","524.00","374.45","-5.02","4.42"
"MARICO","878.60","879.00","848.25","875.00","852.40","-","-22.6","-2.58","706629","60.79","889.10","690.30","4.35","20.97"
"OIL","446.00","447.50","436.45","450.00","436.65","-","-13.35","-2.97","220518","9.72","531.00","384.60","6.61","4.93"
"MCX","2,678.00","2,678.00","2,584.00","2,680.00","2,600.00","-","-80","-2.99","564005","147.36","3,480.00","1,460.80","-4.76","-66.41"